,mass,sigmamin,sigmaplus
7,0.11293263214559317,0.08187154022969866,0.07070194154963343
8,0.09741791217483996,0.06873700627477683,0.0630433647286567
9,0.05558703796166528,0.040170932383375296,0.03923256025799418
10,0.07457566800407424,0.05523097055122329,0.04990032370601971
11,0.06471120176158524,0.04940198683333793,0.045425489801291394
12,0.038880358070048304,0.028155023082242985,0.02831867004176021
13,0.007075066230694767,0.005062593786149811,0.005084282905261877
14,0.012198721056899568,0.008061498062447053,0.007794650854563868
15,0.05085373412291676,0.032653643377143,0.0314695821048883
16,0.10904522347781276,0.04506383473688219,0.039659838764708494
17,0.042839186314943226,0.02842076473024057,0.027310894209426145
18,0.07025879937600348,0.050073802778003496,0.04687419761939583
19,0.2636244593029232,0.16785374466329897,0.11669314970147576
